year,per capita income (US$)
2020,41288.69409
2025,45431.01947
2030,49573.34485
