year,per capita income (US$)
2020,41288.69409441762
2025,45431.01947053103
2030,49573.34484664467
